SampleID,Label,Ch1_Delta,Ch1_Theta,Ch1_Alpha,Ch1_Beta,Ch1_Gamma,Ch2_Delta,Ch2_Theta,Ch2_Alpha,Ch2_Beta,Ch2_Gamma,Ch3_Delta,Ch3_Theta,Ch3_Alpha,Ch3_Beta,Ch3_Gamma,Ch4_Delta,Ch4_Theta,Ch4_Alpha,Ch4_Beta,Ch4_Gamma,Ch5_Delta,Ch5_Theta,Ch5_Alpha,Ch5_Beta,Ch5_Gamma,Ch6_Delta,Ch6_Theta,Ch6_Alpha,Ch6_Beta,Ch6_Gamma,Ch7_Delta,Ch7_Theta,Ch7_Alpha,Ch7_Beta,Ch7_Gamma
1,HS,5.041,8.151,7.649,21.092,6.742,4.07,3.825,6.575,18.436,3.004,5.394,4.324,7.839,18.552,5.175,7.478,4.724,7.19,12.225,5.69,5.626,5.581,6.541,20.941,2.998,4.584,6.396,9.447,16.653,7.922,4.482,4.011,9.763,20.975,5.02
2,HS,7.488,7.86,7.512,17.147,2.468,5.426,6.117,7.094,19.444,6.659,6.502,5.256,6.34,18.931,5.58,3.661,4.866,8.323,19.467,5.995,4.001,8.986,8.205,14.477,7.925,4.031,5.019,10.484,15.806,5.144,4.328,6.037,9.09,16.642,4.191
3,HS,7.074,5.418,8.912,13.42,6.796,5.645,5.939,7.432,20.354,6.586,5.693,5.594,8.894,24.101,4.521,3.332,6.371,8.966,22.367,10.764,4.027,6.044,8.602,18.018,2.85,6.061,4.612,8.472,18.019,3.972,6.02,7.806,6.373,19.799,13.192
4,HS,6.989,7.259,8.601,16.903,5.905,3.356,4.408,8.853,14.799,6.866,4.96,5.241,9.706,17.547,7.203,4.432,7.291,7.065,15.803,7.612,5.746,8.3,6.756,16.51,7.616,4.447,3.15,6.626,14.526,6.015,3.567,6.594,7.971,16.299,5.341
5,HS,6.05,5.308,7.114,19.689,5.02,4.156,6.725,7.486,19.372,7.54,3.745,7.106,8.107,16.864,5.91,6.539,7.389,8.674,17.41,5.928,5.941,8.102,6.283,20.954,7.443,3.648,5.225,8.341,16.623,5.192,4.954,5.514,7.997,13.054,5.257
6,HS,7.368,6.237,6.988,17.125,4.672,7.559,6.428,7.944,18.15,4.657,5.759,7.877,8.309,18.986,5.64,3.681,4.307,7.771,23.799,5.437,5.289,7.538,8.121,21.205,8.171,3.304,6.059,8.398,17.039,6.986,3.669,6.766,7.418,19.123,6.711
7,HS,8.663,7.041,9.691,19.576,3.363,1.35,6.726,8.825,14.674,5.048,5.143,4.859,8.017,15.364,3.836,6.401,6.112,6.942,14.841,3.567,6.035,5.907,7.723,20.58,4.698,1.41,6.883,8.573,19.222,9.555,3.503,5.441,6.2,14.432,8.431
8,HS,7.216,5.005,9.3,16.91,3.073,8.327,5.976,7.188,15.112,4.529,5.06,4.791,8.467,15.318,7.402,4.98,6.353,5.813,17.33,4.502,2.827,4.514,7.721,16.416,5.465,3.723,7.995,5.967,17.679,5.098,4.81,6.889,7.757,16.459,5.439
9,HS,8.258,6.044,8.193,13.957,4.432,7.524,5.901,6.204,20.43,7.319,4.546,9.041,8.339,15.221,4.874,4.319,6.64,8.009,14.929,6.457,3.995,8.062,10.084,13.879,7.804,5.244,4.789,9.352,20.232,6.643,5.312,8.556,8.285,17.128,7.997
10,HS,6.448,5.409,5.839,18.632,3.024,7.336,4.066,7.604,16.489,7.138,7.614,4.538,9.346,17.935,5.839,3.893,5.332,7.75,22.384,6.639,2.513,5.383,6.518,22.702,8.757,3.667,6.325,8.102,16.755,7.155,6.559,6.199,7.987,14.41,6.129
11,HS,6.312,3.958,7.828,22.624,8.013,4.96,6.207,9.084,18.508,5.716,2.589,6.218,7.901,19.052,4.329,3.63,4.161,8.987,21.076,8.659,2.16,5.719,7.533,15.827,3.162,2.511,6.776,10.158,18.801,6.831,4.895,7.165,7.871,23.295,8.949
12,HS,4.51,7.483,6.741,16.894,7.08,3.086,6.923,9.361,19.795,2.975,5.526,4.604,8.513,20.025,6.068,4.695,5.493,7.474,16.675,5.018,4.247,6.959,7.03,20.802,7.959,6.855,6.714,9.231,17.221,5.283,2.95,4.577,8.217,15.78,6.107
13,HS,5.987,5.898,8.576,25.51,4.725,3.855,7.108,8.14,18.998,6.863,2.828,8.929,7.306,19.146,9.948,3.714,4.433,9.778,18.413,8.131,5.467,7.008,10.188,17.214,8.291,6.171,7.936,9.34,18.357,5.133,4.594,7.549,8.142,19.559,10.217
14,HS,5.175,8.018,8.231,18.864,6.126,3.997,5.226,7.074,18.852,6.664,7.544,2.637,7.718,19.614,5.107,5.669,6.206,7.853,15.162,6.415,5.407,7.107,9.076,19.542,7.091,7.315,6.949,9.395,23.065,3.405,4.042,5.637,5.887,10.502,6.577
15,HS,6.031,5.459,6.84,21.384,5.938,2.042,5.058,7.218,20.821,6.745,7.087,5.253,8.743,20.353,5.561,5.955,6.211,9.066,16.223,6.603,4.401,8.559,9.3,18.379,4.466,2.368,6.976,9.332,12.994,7.997,5.154,6.493,8.797,13.597,9.222
16,HS,5.281,6.56,7.053,21.505,5.605,1.113,4.487,6.699,20.835,6.39,5.692,4.499,8.004,15.937,8.281,4.302,8.331,8.621,19.232,5.517,4.908,6.426,8.286,12.045,7.082,1.155,6.877,7.514,15.146,9.133,5.231,7.03,8.44,19.029,7.992
17,HS,7.333,4.948,7.67,15.888,6.56,5.794,7.351,8.842,14.912,7.561,6.915,6.076,7.929,13.132,5.273,1.274,4.093,9.831,24.413,5.906,7.187,3.331,10.951,20.384,7.834,5.801,5.977,7.342,16.859,3.519,7.178,4.575,8.446,16.835,4.532
18,HS,3.052,6.083,7.644,19.648,8.567,4.419,6.713,8.065,15.66,8.448,3.339,6.715,9.1,18.5,9.444,4.871,6.813,7.778,17.581,10.461,2.667,9.052,9.237,17.178,9.216,4.505,4.491,6.451,15.707,3.316,6.416,5.452,7.404,20.093,5.547
19,HS,5.393,5.165,6.671,15.233,7.857,6.459,5.074,8.748,20.34,5.54,4.838,7.502,6.276,18.606,1.573,8.934,7.003,7.942,17.589,6.713,6.154,5.006,7.37,17.987,7.397,6.214,7.364,6.693,16.552,5.359,5.823,6.549,6.057,17.098,6.475
20,HS,7.594,7.682,7.737,16.786,6.113,5.085,7.647,6.99,19.526,4.912,1.712,7.182,5.121,18.902,5.591,5.861,4.892,8.44,15.187,4.186,7.481,3.378,8.526,20.785,8.984,4.607,6.352,8.67,23.335,4.66,4.213,7.171,8.002,14.412,5.418
21,HS,5.282,7.456,7.741,21.793,5.387,6.498,8.826,8.606,18.834,7.678,6.878,4.81,5.511,15.718,5.391,6.377,5.731,8.199,22.698,7.568,7.092,4.534,7.548,19.495,6.657,7.708,9.242,6.522,19.52,7.857,3.094,4.875,8.298,20.019,6.202
22,HS,4.684,5.951,8.256,19.198,4.769,4.802,6.384,9.045,12.008,7.51,8.561,5.939,10.777,22.656,7.579,4.562,5.587,7.462,21.214,8.704,4.139,3.402,7.837,20.649,8.825,6.484,4.735,8.903,23.572,3.74,2.418,5.984,6.172,16.659,0.245
23,HS,7.645,6.282,8.168,18.406,8.592,4.644,4.569,8.254,16.047,6.258,3.868,5.849,8.087,19.581,4.266,3.516,4.519,8.198,20.687,4.174,6.823,5.566,8.908,16.987,5.741,0.082,7.303,5.809,24.482,4.7,6.971,4.718,6.805,22.935,5.707
24,HS,2.509,6.348,11.103,15.894,7.854,2.899,5.658,10.017,21.619,7.569,3.973,6.914,7.429,18.793,5.11,7.13,6.503,7.897,20.864,11.255,5.779,5.673,7.874,22.037,7.549,5.481,4.21,8.626,15.986,7.404,4.33,4.697,8.485,23.173,5.722
25,HS,5.166,5.937,8.598,18.371,5.676,4.581,4.82,10.002,15.467,6.58,5.909,7.649,7.964,24.036,4.18,5.373,5.931,7.642,18.737,5.571,4.867,7.108,8.618,20.156,9.492,4.364,5.626,6.784,14.27,9.554,4.695,7.429,7.775,19.991,7.897
26,HS,4.665,3.476,9.629,20.79,9.173,6.933,4.115,7.034,18.558,7.054,7.564,5.922,6.309,17.583,4.539,4.172,6.16,6.584,15.589,8.572,4.235,6.726,7.355,15.452,6.576,5.86,3.829,5.514,19.66,6.82,4.979,7.882,6.975,14.767,4.118
27,HS,5.05,5.108,8.526,21.688,5.985,5.704,6.821,8.055,17.754,5.609,2.113,5.837,7.052,16.034,7.254,7.34,6.506,7.83,17.946,6.613,6.149,4.299,6.99,21.896,4.715,4.125,6.782,10.051,17.091,3.708,7.906,4.672,8.267,18.867,5.737
28,HS,5.283,5.65,7.586,22.667,5.749,4.848,7.03,8.394,13.834,5.66,9.213,6.92,6.557,15.744,5.066,5.132,5.751,8.118,15.877,10.076,5.13,5.64,7.819,19.53,6.719,4.567,5.723,7.941,18.101,6.471,6.006,4.763,9.077,26.345,6.93
29,HS,5.401,7.035,8.367,17.448,7.943,0.886,6.562,7.602,21.405,6.346,2.445,6.722,8.99,19.911,6.457,6.532,7.444,9.246,15.341,4.578,4.446,5.234,7.266,15.549,8.017,3.052,4.488,8.221,11.856,4.087,5.446,5.11,6.674,22.617,5.22
30,HS,3.943,6.845,11.29,16.669,2.803,4.039,5.921,8.71,17.972,6.115,4.112,5.306,6.508,20.385,6.48,5.219,6.071,7.55,16.378,8.379,7.337,6.281,7.375,21.92,5.12,5.902,2.523,6.504,17.303,8.388,5.614,4.945,8.444,15.12,6.695
31,HS,3.835,6.916,9.048,19.465,6.921,4.484,4.818,7.857,14.903,4.375,7.383,5.675,8.558,20.753,7.65,5.249,7.047,7.249,22.698,2.739,5.159,6.379,9.378,14.714,2.991,7.404,6.287,6.754,16.859,7.645,4.814,7.617,7.775,13.822,6.722
32,HS,5.38,6.022,9.672,17.75,7.024,4.369,7.557,8.428,16.488,6.845,4.894,5.376,7.433,18.27,6.557,5.616,4.808,7.994,19.809,5.842,5.282,5.899,8.031,17.583,6.605,3.85,6.155,8.997,16.909,6.88,5.844,6.086,8.125,15.145,7.032
33,HS,5.93,5.111,8.913,13.56,7.564,7.203,5.26,7.737,17.181,5.056,5.825,5.333,9.533,18.07,5.601,4.443,5.703,6.371,14.893,7.166,3.121,5.42,8.23,17.637,8.262,7.338,5.073,8.107,22.414,3.62,4.029,6.108,12.108,17.754,7.865
34,HS,7.532,6.712,8.755,16.568,3.741,6.388,8.238,8.666,16.293,7.876,4.746,4.813,9.02,18.4,4.815,5.981,5.615,8.02,15.172,5.641,6.455,4.703,8.867,18.246,5.847,2.456,6.574,9.219,12.61,7.666,4.1,6.682,10.007,13.842,6.262
35,HS,3.082,6.114,7.258,15.112,8.309,2.683,4.472,6.509,14.527,6.228,4.904,5.401,10.177,19.839,4.339,7.716,4.338,8.78,19.298,3.808,7.278,5.833,7.749,18.099,5.961,3.753,5.779,7.743,20.412,2.89,7.947,6.182,8.012,17.444,4.365
36,HS,3.294,5.107,9.828,18.428,7.099,6.152,4.756,9.322,17.732,5.965,9.082,3.95,8.873,22.244,6.578,7.276,6.076,8.585,17.67,2.557,3.958,7.486,8.185,17.021,7.007,6.738,5.1,6.632,23.209,2.944,6.062,5.968,8.265,11.385,4.353
37,HS,9.565,5.808,8.944,20.031,4.993,3.847,5.175,7.496,21.243,5.476,2.757,5.521,9.646,15.617,10.27,1.387,7.403,8.1,16.692,7.828,4.622,5.844,7.144,19.456,6.007,2.846,5.79,8.198,21.723,9.306,5.77,7.442,7.923,16.731,5.486
38,HS,4.933,6.048,6.177,18.331,5.715,4.991,4.255,7.503,11.081,8.743,3.619,5.891,8.968,17.879,8.849,6.536,7.734,7.344,20.795,4.915,5.843,6.472,9.922,20.919,6.2,5.578,4.794,6.67,13.598,7.632,6.825,7.492,8.526,20.125,7.082
39,HS,3.07,5.161,6.864,14.727,7.402,5.525,5.484,5.533,13.48,5.573,4.887,6.714,8.484,13.628,7.481,4.126,5.819,9.598,14.604,8.703,6.83,8.235,9.17,18.144,8.638,6.889,4.571,6.084,20.968,5.926,5.218,7.249,8.985,22.53,4.755
40,HS,8.143,5.226,8.463,18.859,8.314,5.902,6.692,6.439,14.668,5.825,8.237,5.586,7.511,15.823,6.556,4.108,5.69,8.947,19.347,5.388,3.777,4.053,7.47,17.147,6.832,4.463,4.148,7.404,13.727,6.099,4.461,4.681,7.136,12.929,6.362
41,HMS,9.093,5.57,7.176,11.877,5.133,4.615,7.016,10.73,15.163,2.805,6.459,4.93,10.678,14.468,5.426,3.446,6.98,8.578,19.017,6.371,3.676,5.954,8.011,11.612,4.387,6.309,6.19,9.096,13.065,6.381,5.863,6.698,8.896,11.364,7.611
42,HMS,5.777,4.813,8.075,11.862,5.365,1.624,6.7,7.127,17.208,5.882,2.801,7.121,13.18,17.27,5.787,4.926,6.578,8.992,10.967,7.161,5.698,6.968,11.191,15.584,7.493,6.109,6.332,9.298,14.479,7.767,5.342,7.106,10.911,13.124,4.092
43,HMS,5.392,6.611,8.014,6.565,2.961,7.114,8.406,10.273,13.875,4.408,4.297,5.073,9.353,12.75,4.995,4.455,8.002,9.561,12.516,6.071,7.286,7.184,7.213,14.172,8.552,7.041,6.303,8.602,11.024,5.434,3.428,8.37,7.943,10.375,5.335
44,HMS,7.177,4.32,9.747,6.16,6.102,5.498,7.564,7.677,15.218,5.297,3.4,5.646,9.476,14.255,4.709,6.009,6.453,7.307,13.739,7.509,3.892,5.494,9.011,14.233,4.305,5.226,5.871,8.564,14.923,6.652,7.079,8.396,10.452,15.77,5.244
45,HMS,6.283,4.288,9.217,17.019,4.74,5.579,6.914,9.848,15.98,6.305,6.259,8.502,8.997,14.784,2.921,4.551,5.019,9.446,12.013,8.507,4.462,6.352,9.67,16.341,4.919,5.407,7.279,9.464,11.923,5.335,3.158,5.787,9.686,11.866,4.1
46,HMS,5.441,4.634,6.849,13.655,6.634,5.789,5.506,6.671,14.2,4.828,5.818,6.695,7.746,12.013,6.761,6.668,5.584,9.94,15.636,8.691,6.221,6.961,6.352,9.648,5.97,6.146,8.018,7.847,15.689,6.627,4.56,9.009,11.15,11.861,6.215
47,HMS,5.96,7.95,8.154,16.701,5.831,2.657,8.067,8.549,11.366,6.999,9.235,6.83,9.686,12.388,2.828,6.189,7.983,9.332,11.779,8.248,5.441,7.338,11.274,12.616,6.585,4.257,7.734,9.897,14.921,6.371,5.108,6.388,9.723,13.306,4.754
48,HMS,2.975,7.51,7.321,12.474,6.629,4.45,5.48,10.612,15.17,6.38,5.493,6.427,9.236,11.517,9.541,4.423,6.009,10.027,12.526,6.206,3.947,7.926,8.358,12.945,8.446,5.538,7.34,10.146,17.834,5.634,4.797,6.799,8.537,8.717,4.26
49,HMS,2.73,4.112,10.599,14.181,5.897,3.907,9.213,7.135,11.449,4.661,8.13,7.736,8.989,13.787,6.139,3.668,6.38,8.6,17.976,6.029,6.486,6.489,6.686,14.656,8.459,4.639,6.581,8.578,14.94,4.055,5.096,7.173,9.176,17.588,7.374
50,HMS,7.483,6.653,11.025,11.096,5.295,4.774,8.318,8.207,11.932,4.686,3.63,5.82,9.588,13.604,3.752,8.814,7.704,7.751,14.124,4.945,5.349,5.359,7.357,9.225,8.156,1.965,6.249,7.979,16.427,2.641,5.059,6.159,11.191,14.288,4.873
51,HMS,5.275,6.579,7.377,14.009,4.95,4.971,5.434,9.693,14.663,2.815,2.51,7.809,7.535,19.071,3.007,8.664,5.085,11.642,12.308,5.235,7.552,5.755,10.001,18.01,4.89,3.196,9.436,8.048,14.628,3.495,4.633,6.719,9.531,16.8,6.968
52,HMS,7.057,6.874,8.652,11.988,3.493,8.293,6.115,7.742,11.357,5.525,6.82,6.024,10.776,16.031,5.327,4.153,7.526,8.6,16.315,4.202,5.662,6.846,10.081,12.797,7.439,5.27,5.563,9.001,15.493,3.779,4.974,7.201,9.478,14.756,6.125
53,HMS,5.014,5.967,7.48,14.661,5.245,6.42,5.814,9.439,8.787,8.899,4.373,7.03,8.338,15.842,5.937,7.149,6.831,9.041,13.661,5.97,4.429,7.941,8.451,15.905,5.91,6.858,8.272,9.121,14.546,5.632,7.921,5.121,9.237,17.118,5.771
54,HMS,3.071,4.295,9.348,21.391,5.25,8.212,3.716,9.272,16.923,1.426,4.852,5.65,9.275,13.373,3.293,5.82,6.846,8.321,13.358,4.003,5.635,6.633,6.685,19.157,5.605,5.647,6.999,9.13,16.771,5.003,5.354,5.273,8.586,10.013,4.333
55,HMS,5.0,4.689,8.682,11.945,7.545,5.257,6.364,8.678,14.448,3.48,2.725,6.067,9.067,9.096,7.044,5.549,6.179,6.575,13.499,3.525,5.65,6.678,9.837,14.631,6.812,4.712,5.453,8.117,15.568,4.551,4.27,5.481,10.633,13.388,3.275
56,HMS,5.879,5.93,8.666,14.78,4.845,4.248,6.259,8.086,18.294,7.064,5.01,4.327,9.822,15.083,4.439,5.879,4.599,9.504,12.497,6.846,6.604,4.001,9.805,16.473,6.284,5.053,6.298,9.485,11.146,4.688,5.076,6.075,8.159,15.327,5.886
57,HMS,6.719,4.554,8.532,15.636,5.169,7.822,7.781,9.418,11.293,4.166,7.289,3.572,9.707,15.339,3.441,4.673,8.22,8.098,13.355,6.338,7.592,7.37,9.059,9.431,8.444,3.868,6.769,9.369,17.871,4.21,8.314,6.84,7.039,12.906,5.3
58,HMS,4.043,6.338,7.996,12.16,6.863,5.028,7.029,8.909,11.073,6.206,3.684,6.226,8.381,15.5,5.109,4.734,6.436,8.342,12.96,7.502,4.09,2.801,9.552,13.705,4.456,6.598,6.022,9.051,21.387,6.038,5.367,6.944,8.697,15.853,5.625
59,HMS,6.238,6.375,7.871,14.838,6.486,4.87,5.572,8.89,8.8,4.847,4.909,5.237,9.431,14.629,5.489,6.797,6.687,8.585,12.823,5.542,3.737,8.15,9.212,17.244,5.748,5.062,5.596,9.442,9.154,3.713,5.018,7.207,8.058,18.056,7.617
60,HMS,5.381,8.434,8.556,14.817,5.952,7.939,7.033,5.61,13.957,5.608,6.936,5.721,9.278,13.07,5.301,6.13,4.346,9.577,13.235,4.925,4.52,5.195,9.404,14.763,5.892,4.977,5.433,9.12,13.384,5.197,6.041,4.473,7.311,10.635,4.853
61,HMS,4.205,4.941,8.429,7.11,3.382,4.672,4.854,9.581,13.724,2.956,5.402,7.794,8.833,15.984,5.651,6.477,6.75,7.039,13.849,6.109,5.739,6.974,7.469,19.573,5.66,6.312,5.404,10.152,17.143,4.122,5.626,6.559,9.464,9.157,6.333
62,HMS,4.753,4.633,7.888,11.284,6.012,4.581,8.15,8.814,14.235,7.163,5.195,5.529,8.076,13.788,3.819,3.513,6.787,6.748,15.515,4.705,3.253,7.169,9.801,16.256,5.072,5.351,5.926,9.655,15.954,5.747,4.341,7.097,8.591,14.428,3.992
63,HMS,6.22,8.602,8.7,10.021,4.189,4.544,4.535,9.918,13.303,6.816,4.582,7.953,10.8,13.818,5.499,3.919,6.103,10.143,17.919,4.483,5.808,6.384,8.292,10.075,6.451,6.823,6.076,8.062,11.139,7.454,7.137,6.444,9.784,12.98,7.085
64,HMS,5.086,3.223,9.709,9.257,1.997,4.773,8.168,7.417,12.064,4.827,1.71,5.996,9.419,13.905,6.08,5.112,7.524,7.27,13.811,7.985,4.606,7.401,9.923,10.089,5.717,8.498,8.201,7.554,15.469,6.135,7.331,7.746,9.937,15.661,6.384
65,HMS,5.274,6.686,7.388,12.766,5.943,4.453,5.701,11.106,16.29,2.624,3.262,6.163,9.272,15.009,5.725,6.282,5.176,7.998,14.651,4.327,6.653,9.031,10.734,15.216,4.647,6.813,5.784,8.734,13.35,6.54,7.509,4.932,9.769,13.806,5.359
66,HMS,7.288,5.874,8.66,14.398,6.214,7.2,6.293,8.825,11.353,6.247,4.813,6.262,8.404,17.963,6.464,4.325,7.359,10.099,16.808,3.65,5.448,4.384,9.154,17.089,7.676,6.611,8.76,8.2,15.051,4.585,2.908,6.657,8.718,7.479,5.333
67,HMS,7.517,6.905,10.44,11.834,6.686,4.026,7.615,5.746,11.211,0.243,6.074,7.915,10.935,13.217,4.348,6.19,7.209,11.507,11.49,4.42,5.873,5.699,9.201,17.843,5.125,3.705,5.58,8.449,17.111,6.308,4.635,6.466,9.147,11.227,4.054
68,HMS,5.775,7.555,8.706,17.437,4.859,3.125,7.469,9.16,13.493,5.92,5.966,7.097,9.003,18.155,6.029,6.677,6.179,5.789,12.884,6.325,4.841,6.498,10.103,13.69,5.87,6.404,6.957,9.517,11.354,5.213,5.719,5.934,9.028,16.454,6.25
69,HMS,5.734,7.259,8.752,12.777,7.21,4.24,6.844,8.622,16.994,0.187,6.019,4.578,10.072,12.739,4.199,4.847,6.733,7.661,9.37,5.584,5.679,5.024,7.273,15.261,5.585,3.39,5.945,8.906,12.474,5.395,5.182,6.062,9.21,16.037,4.386
70,HMS,4.392,7.476,8.137,11.869,5.195,5.195,6.687,10.114,11.587,5.938,7.501,6.929,11.934,16.807,5.353,4.188,4.671,7.277,14.005,4.79,8.807,6.134,7.682,14.411,6.611,7.783,6.597,8.842,17.638,6.568,3.504,6.079,8.458,10.356,6.741
71,HMS,3.981,5.576,10.251,10.868,4.399,6.964,7.087,8.575,13.592,8.115,6.729,8.349,8.722,14.372,4.64,3.2,8.502,9.314,17.077,3.891,5.526,5.74,10.914,10.294,5.959,7.249,7.961,7.774,16.552,6.229,4.002,6.778,8.436,16.328,7.532
72,HMS,6.159,3.701,6.89,14.979,2.364,6.054,6.481,10.918,14.063,9.184,5.339,7.066,8.622,22.138,4.632,4.699,5.239,8.092,15.744,4.921,7.253,6.243,8.527,18.053,6.175,4.515,4.648,8.904,12.383,6.166,6.513,7.458,11.752,13.376,6.887
73,HMS,3.55,5.521,10.485,12.908,5.781,6.321,6.372,7.27,14.403,4.795,6.708,4.857,9.167,18.035,5.923,4.625,5.094,9.201,16.614,7.884,5.18,5.366,11.803,15.254,4.472,3.672,7.679,8.597,11.64,5.219,6.667,6.71,9.402,13.6,5.085
74,HMS,8.561,4.935,9.452,13.363,5.934,4.243,6.295,8.661,13.827,5.722,6.815,7.195,8.259,16.062,4.165,5.91,6.569,9.577,13.409,6.362,5.53,6.177,8.554,21.364,3.713,2.939,6.472,10.371,13.372,3.425,3.999,5.198,11.076,8.717,5.461
75,HMS,5.029,6.804,7.565,14.35,7.638,5.129,6.128,7.648,13.672,6.465,4.671,7.423,11.018,13.315,5.081,4.152,6.852,9.684,12.878,3.445,6.41,5.366,9.395,14.825,7.237,7.062,5.689,11.222,16.308,6.847,4.354,7.595,9.473,9.803,6.546
76,HMS,4.317,4.635,7.457,11.947,7.72,5.114,7.095,8.777,13.176,5.918,9.51,6.669,9.578,10.108,5.231,6.036,7.673,10.225,16.8,6.563,6.881,4.742,9.492,15.937,6.266,4.989,7.538,9.953,11.806,3.652,6.968,6.305,8.411,12.694,6.214
77,HMS,4.054,7.273,9.09,14.286,3.117,4.899,7.941,8.116,11.74,6.483,5.529,5.032,10.51,8.359,4.552,6.295,7.862,9.625,10.922,4.184,5.625,5.511,7.407,13.923,7.639,3.416,5.877,9.955,9.662,4.969,4.401,7.899,9.444,10.894,1.568
78,HMS,5.361,6.716,9.098,15.952,5.021,4.39,6.867,8.581,16.11,7.075,4.556,7.082,9.29,8.869,3.446,3.969,6.863,9.567,14.432,2.453,4.355,6.174,8.731,16.931,5.581,4.376,5.48,9.156,17.746,3.55,5.423,6.133,10.888,12.992,4.677
79,HMS,6.339,6.222,7.995,14.77,5.524,6.754,5.763,10.552,13.859,6.907,7.066,6.582,8.553,15.138,4.568,6.623,8.602,7.94,12.307,6.802,6.545,5.062,9.6,7.145,5.174,6.515,7.103,8.079,15.819,2.626,4.267,6.201,7.96,14.592,5.245
80,HMS,5.172,7.389,11.421,12.588,6.312,8.515,6.895,7.146,16.19,7.246,5.542,7.116,7.517,16.66,6.648,4.943,7.009,9.706,16.273,4.139,4.806,5.916,6.553,14.149,4.849,7.78,7.752,8.86,6.83,8.404,4.893,6.544,7.82,13.513,6.245
81,MS,5.782,7.863,10.43,8.607,5.495,8.45,7.612,7.191,9.264,5.01,3.705,7.007,10.76,12.069,5.035,6.668,7.374,10.316,9.027,5.108,5.722,6.943,8.637,12.833,6.85,6.012,8.063,8.756,10.416,4.883,4.866,5.525,8.32,11.78,5.736
82,MS,7.304,9.504,9.361,12.78,4.582,5.114,6.544,8.224,9.632,4.164,3.938,6.119,11.379,8.31,5.683,5.727,6.425,7.743,11.084,6.892,4.8,7.826,9.772,9.702,2.992,7.85,6.013,8.561,8.435,5.005,5.979,7.321,9.432,13.114,4.805
83,MS,4.978,5.545,9.482,10.213,3.819,4.498,6.34,8.86,9.622,5.765,6.635,5.105,9.735,10.153,3.154,6.747,6.513,8.851,9.514,5.852,4.562,9.327,10.522,13.831,4.24,2.179,7.288,9.751,11.033,4.476,5.862,8.614,10.725,8.126,6.075
84,MS,8.282,6.268,9.467,9.945,4.057,6.339,7.639,8.027,10.014,6.715,5.738,7.269,9.672,11.936,3.677,4.743,4.129,9.815,9.475,3.861,5.557,6.328,7.511,7.852,4.092,8.095,5.039,9.117,8.276,4.209,5.932,6.27,9.655,9.953,4.977
85,MS,6.469,5.836,10.933,7.963,3.446,6.745,4.78,11.232,11.377,6.329,2.938,7.984,9.165,4.113,4.754,6.149,8.035,8.989,6.652,4.004,6.82,7.404,8.263,10.67,6.074,4.561,4.737,11.278,7.452,8.3,6.265,5.456,11.08,12.031,2.373
86,MS,6.099,7.451,11.124,11.144,7.242,8.12,5.642,10.81,12.873,4.458,6.489,5.189,9.585,12.073,5.704,7.449,8.389,10.226,9.683,4.745,6.637,7.02,10.603,8.142,3.83,4.686,5.981,10.73,6.668,4.566,6.506,8.194,9.378,11.478,6.083
87,MS,6.604,7.971,9.958,7.523,3.313,4.673,6.361,9.356,7.041,6.391,7.939,7.745,9.638,13.067,3.294,7.913,7.673,11.671,12.089,7.039,6.892,9.205,9.817,11.777,4.837,4.478,7.545,10.083,7.57,5.936,7.159,7.745,9.619,6.749,5.084
88,MS,6.485,6.047,10.774,9.603,4.255,5.983,6.783,10.615,9.447,4.395,5.002,6.367,8.865,8.737,4.863,6.12,6.829,9.987,13.582,2.846,5.494,7.969,8.452,9.403,6.169,5.703,7.675,10.075,9.288,4.57,5.886,5.743,10.811,8.085,3.169
89,MS,7.118,4.842,10.178,10.26,5.445,5.717,5.489,9.905,7.501,6.848,6.116,8.088,9.221,12.543,6.523,5.25,7.621,8.494,8.331,4.421,4.407,10.013,11.001,10.059,4.177,6.643,5.457,7.912,7.613,6.511,6.561,8.836,9.933,10.075,4.657
90,MS,5.709,4.42,10.858,9.789,5.055,4.765,8.595,10.195,11.553,5.361,5.286,8.621,7.602,8.004,4.101,7.636,7.229,9.839,11.974,6.076,6.709,5.872,9.883,10.088,4.463,6.28,8.479,9.087,10.878,5.346,7.639,7.689,10.083,7.267,4.124
91,MS,4.16,8.607,10.005,11.309,5.0,7.362,6.988,11.267,10.104,5.351,6.607,8.112,8.341,10.98,5.829,5.029,6.49,10.027,9.456,5.015,5.401,6.763,10.092,12.329,3.55,6.144,7.058,8.726,7.983,2.21,7.799,7.427,12.482,5.274,4.077
92,MS,5.645,8.834,11.013,10.308,5.54,5.303,6.616,11.488,7.143,6.327,5.025,5.54,10.358,7.487,3.719,5.188,7.321,11.598,10.572,5.0,6.102,6.43,9.502,12.31,4.971,4.445,7.789,10.234,12.594,5.117,2.544,4.92,9.741,8.765,5.886
93,MS,4.896,7.21,9.494,8.694,4.277,7.028,5.832,8.242,11.401,4.8,4.286,7.515,10.205,8.609,4.469,5.641,4.684,9.701,8.698,5.232,3.913,6.224,12.85,7.072,6.786,4.966,8.143,9.868,12.862,4.537,5.161,5.849,10.275,11.617,6.098
94,MS,7.834,6.313,9.369,11.135,4.056,5.736,7.623,10.843,9.748,4.047,6.842,9.026,10.477,10.916,3.514,2.931,5.947,9.672,7.574,5.894,7.38,6.451,8.457,12.17,7.025,7.464,8.375,10.696,10.351,6.656,4.348,7.602,11.235,7.68,2.975
95,MS,6.15,5.322,10.901,10.196,4.883,4.479,7.113,10.408,8.532,6.206,5.425,7.878,8.269,9.971,4.85,7.496,8.584,10.382,15.276,4.01,5.042,7.144,7.623,13.098,5.233,5.765,6.041,9.226,7.567,4.752,7.606,5.904,11.309,8.403,5.794
96,MS,5.715,6.963,11.544,12.438,5.303,5.66,4.725,8.716,8.943,6.036,5.322,7.309,11.245,8.221,4.014,6.164,7.306,10.151,7.891,3.288,5.393,7.348,9.181,12.753,3.446,6.419,4.49,8.712,9.858,5.383,8.251,8.002,9.479,10.362,6.904
97,MS,7.588,4.674,10.948,9.149,6.618,5.78,6.393,10.817,11.07,5.234,4.673,4.724,8.577,10.559,4.531,5.528,7.233,6.644,11.157,6.222,6.175,8.816,9.352,11.632,5.07,6.024,4.723,10.274,11.084,5.215,6.612,6.763,9.921,8.224,5.275
98,MS,5.411,6.838,11.299,13.914,6.336,4.437,7.498,9.441,10.935,3.246,4.5,4.474,9.467,6.055,4.346,9.197,7.123,9.777,9.228,4.391,5.32,6.533,9.016,6.923,4.401,5.004,7.085,11.658,10.999,5.073,4.534,5.29,11.705,9.49,5.769
99,MS,7.803,8.223,11.025,8.935,3.15,7.004,5.87,8.428,8.809,2.897,6.04,6.447,9.275,12.873,4.567,10.74,6.828,9.107,7.389,3.21,6.539,6.745,10.104,8.702,3.502,6.552,7.82,9.248,14.577,5.838,5.372,6.499,7.662,7.748,3.677
100,MS,6.633,7.114,10.92,9.804,3.224,6.943,8.61,10.186,10.877,5.659,6.739,5.599,7.747,13.659,6.45,6.837,6.907,10.635,9.556,5.962,5.405,9.12,10.699,12.165,3.438,6.914,6.19,8.818,13.481,4.919,7.449,8.547,9.387,9.33,5.476
101,MS,4.259,7.124,11.131,13.511,7.406,6.184,8.168,10.25,8.275,5.711,5.074,6.754,10.968,7.901,4.809,4.68,6.268,12.027,7.35,2.918,5.887,5.708,9.844,9.82,2.981,6.963,7.85,8.345,9.81,6.801,7.485,6.761,9.179,9.396,3.306
102,MS,5.479,7.494,11.62,14.52,5.092,7.664,5.958,7.741,6.297,6.065,7.774,7.461,8.622,11.228,2.873,5.737,6.754,9.929,8.734,4.241,5.706,6.708,10.097,10.146,5.404,4.772,6.716,8.737,11.261,6.669,5.741,7.395,10.321,8.451,6.36
103,MS,4.864,5.336,10.631,4.991,4.798,7.233,7.222,7.736,9.034,4.089,6.067,5.935,9.513,10.721,5.589,5.462,7.519,11.047,8.664,3.924,5.726,6.434,10.708,13.211,2.428,6.119,7.95,10.672,10.016,4.113,6.148,6.563,9.285,13.12,5.75
104,MS,6.73,5.948,10.571,12.815,2.356,3.824,10.016,8.873,9.87,5.875,7.506,7.849,10.972,10.427,3.337,5.812,5.93,9.72,9.971,2.276,5.284,8.495,12.179,11.256,7.651,7.006,8.553,9.27,10.594,4.09,5.425,7.227,10.014,9.338,5.883
105,MS,7.254,7.944,9.568,12.632,5.413,3.753,5.709,9.642,7.47,5.988,5.052,7.111,7.183,13.384,3.308,4.868,5.165,10.98,12.023,3.007,6.176,7.017,10.945,11.405,3.744,8.341,9.58,10.422,6.506,6.462,6.195,6.516,8.756,7.014,6.253
106,MS,5.694,7.927,11.52,9.691,6.736,6.417,6.975,11.283,9.925,3.75,6.174,4.894,12.208,11.45,5.763,6.94,6.048,10.19,10.471,6.219,6.735,6.001,8.186,10.979,6.829,6.374,6.761,11.28,11.211,5.478,6.643,7.287,9.381,8.568,4.693
107,MS,5.773,7.462,9.643,7.495,3.233,4.312,6.306,10.068,9.498,5.0,10.233,7.834,10.612,9.42,5.313,6.341,7.49,8.422,11.064,3.074,5.659,5.258,10.195,9.104,5.535,6.107,7.656,11.683,9.268,5.535,6.242,6.409,9.204,11.537,6.096
108,MS,4.939,6.7,8.97,13.991,3.398,7.009,7.477,7.424,8.552,4.001,9.758,6.644,9.88,10.397,4.615,4.59,7.539,9.173,9.701,1.798,7.37,6.604,8.66,5.544,4.259,6.257,8.747,11.0,8.044,7.386,8.472,5.083,10.692,10.626,4.31
109,MS,3.879,8.359,8.46,7.371,4.888,5.493,8.164,8.233,8.862,3.004,7.395,8.35,9.508,11.116,5.402,6.306,6.52,10.063,7.108,5.803,5.325,6.394,9.422,8.276,4.754,1.692,6.205,9.673,13.071,4.816,4.993,5.867,12.205,11.535,4.671
110,MS,5.512,8.187,10.508,8.728,3.524,5.073,6.786,9.92,13.152,3.231,6.09,7.451,10.208,6.488,4.372,6.857,7.326,11.088,8.517,4.948,3.957,6.877,8.838,2.691,3.598,5.3,8.435,11.399,10.836,4.648,5.488,7.586,11.765,7.698,6.243
111,MS,5.11,7.666,9.319,10.692,3.583,4.567,7.21,11.317,12.0,3.367,7.64,7.095,9.387,6.126,5.386,7.064,6.8,8.387,12.395,5.843,6.186,7.284,9.383,11.296,7.035,6.391,6.68,10.153,14.157,2.739,7.513,7.094,10.704,7.851,6.747
112,MS,6.2,7.299,11.01,8.482,3.758,7.025,9.661,10.156,8.777,6.324,5.105,6.087,11.231,8.69,2.872,4.767,6.794,9.364,13.66,3.512,6.075,6.679,10.21,7.918,5.057,7.324,7.037,11.647,9.529,3.716,6.797,7.051,9.284,10.196,4.428
113,MS,5.431,6.934,12.262,9.694,4.283,6.632,7.721,8.645,7.625,4.228,7.204,5.649,8.753,12.051,5.292,9.046,7.531,11.058,10.358,5.188,5.053,7.586,10.546,7.275,4.97,7.355,5.39,8.483,10.424,3.747,3.906,6.021,10.485,9.486,6.326
114,MS,6.845,7.436,9.833,8.948,5.217,8.061,7.661,10.442,9.831,3.375,7.919,8.273,10.755,13.728,5.406,5.36,6.723,9.264,12.172,5.499,6.466,5.475,12.775,14.298,4.589,7.649,7.345,9.26,9.755,6.157,7.572,6.162,10.361,10.952,2.984
115,MS,4.931,8.853,9.278,9.406,5.859,6.575,8.728,11.856,8.493,8.32,5.379,7.629,11.209,13.047,6.081,6.373,6.887,11.156,8.153,7.234,4.129,5.143,8.294,9.549,4.287,7.595,8.491,11.822,6.416,7.663,5.679,7.225,11.266,8.272,4.454
116,MS,4.047,6.299,10.197,9.463,3.902,6.233,7.244,9.65,12.434,4.582,7.283,5.896,9.118,12.231,6.781,7.017,7.513,9.506,8.473,4.595,6.49,6.459,12.658,12.902,5.418,3.987,4.885,7.44,11.618,6.051,3.2,4.853,9.396,10.171,4.897
117,MS,5.154,7.195,10.719,8.547,5.246,6.566,8.973,9.112,10.754,4.607,4.804,5.812,10.517,13.643,4.461,5.58,5.228,10.077,8.019,4.304,6.983,7.373,12.109,12.318,4.487,7.245,6.347,10.886,13.857,5.075,4.736,7.139,8.701,11.543,6.477
118,MS,5.81,7.056,11.052,14.477,6.199,5.566,5.928,9.354,7.187,4.873,7.081,5.628,9.987,6.648,3.29,6.334,7.722,9.981,14.155,5.759,3.785,5.399,11.316,8.483,4.65,6.094,8.252,8.298,9.21,7.501,4.528,5.035,11.485,11.019,5.161
119,MS,7.803,6.819,8.697,8.283,5.576,6.531,6.345,9.816,12.793,5.931,7.491,4.46,10.442,8.028,2.396,8.609,9.593,11.469,11.742,6.146,6.151,6.778,11.214,13.111,4.361,8.787,6.27,11.201,11.587,3.996,3.406,9.545,11.696,9.433,4.878
120,MS,7.264,7.788,10.904,6.809,4.869,6.024,6.962,9.337,10.444,6.833,4.578,7.985,12.052,8.191,4.007,6.636,5.902,10.79,11.05,6.096,4.708,4.684,9.702,7.461,5.682,6.419,8.289,8.604,11.556,3.201,6.057,7.441,10.477,10.8,5.293
121,LMS,8.015,7.643,9.838,6.467,4.146,7.634,7.232,12.065,8.107,3.715,7.776,6.332,12.268,7.057,3.077,6.022,7.923,12.036,8.371,4.999,7.781,6.07,11.073,11.647,4.439,6.167,6.432,12.328,8.539,5.657,3.53,6.624,12.037,10.404,3.33
122,LMS,8.307,6.576,11.546,5.749,4.259,6.3,7.131,13.9,6.732,4.062,5.968,6.888,12.396,10.081,4.674,7.211,8.184,10.947,7.267,4.793,7.203,8.099,12.062,9.469,5.312,6.626,6.237,9.861,8.156,4.559,4.328,9.123,13.485,10.866,5.312
123,LMS,4.705,7.149,14.342,9.809,3.971,4.945,7.771,12.689,11.046,5.616,7.151,8.172,10.845,9.406,3.001,6.633,8.92,12.415,6.528,3.803,5.845,7.32,12.535,5.72,3.941,5.264,8.604,11.714,9.354,4.311,5.393,9.212,13.672,9.918,2.477
124,LMS,6.969,7.443,10.82,8.341,6.431,6.936,8.549,12.764,9.272,4.139,5.49,9.404,10.043,6.934,4.139,6.384,8.257,9.762,6.568,3.498,6.629,7.644,10.981,10.294,4.66,5.974,9.562,12.869,6.479,5.491,8.944,8.66,12.911,8.772,3.107
125,LMS,6.061,7.488,12.828,9.51,5.666,6.997,7.646,13.07,7.073,3.268,6.591,7.417,13.668,8.716,4.333,5.901,6.588,13.234,8.542,3.961,6.576,7.959,11.478,10.939,4.473,6.117,5.766,10.451,7.745,3.757,7.948,8.45,12.193,7.542,3.212
126,LMS,7.589,7.434,13.195,8.192,6.043,5.431,7.485,11.422,8.789,5.306,8.195,7.763,11.064,9.542,4.907,7.28,6.927,11.668,7.866,4.13,4.934,7.256,9.242,9.089,6.316,4.708,8.383,9.783,7.522,5.511,6.969,8.228,12.235,7.988,5.01
127,LMS,8.302,6.984,10.802,7.963,3.513,5.581,8.2,12.33,5.703,5.802,7.01,7.178,11.328,8.01,4.919,6.529,4.666,11.129,8.303,1.884,6.81,5.63,13.762,6.868,3.156,7.127,6.315,11.832,6.025,4.135,4.976,7.604,13.384,7.977,4.202
128,LMS,6.986,5.956,13.893,8.722,4.595,6.699,7.172,10.869,6.06,5.467,5.076,7.671,12.444,8.12,4.468,7.813,6.832,12.212,6.874,4.125,6.529,6.525,12.255,10.867,4.585,9.418,7.775,11.329,8.178,5.226,5.166,6.484,13.12,6.882,4.677
129,LMS,6.563,7.4,10.479,8.263,6.26,8.08,8.499,11.313,8.077,4.59,7.989,8.277,13.887,6.74,4.817,8.371,5.609,12.112,10.966,4.959,8.171,5.807,10.535,9.369,5.801,5.113,6.388,10.721,6.048,5.069,8.524,7.863,12.857,9.389,3.968
130,LMS,6.207,6.565,12.46,10.037,4.88,6.963,5.876,10.068,8.548,5.3,5.357,7.129,10.299,7.736,4.911,6.494,6.912,11.788,8.412,5.971,6.337,8.191,14.879,6.1,2.283,8.373,7.731,12.203,12.006,3.857,6.432,8.203,12.795,5.524,4.054
131,LMS,7.556,9.245,11.093,9.052,5.687,8.072,7.708,13.1,9.9,5.836,3.697,7.855,12.38,7.064,5.78,9.527,7.896,10.601,9.479,4.991,6.287,7.233,9.74,7.156,4.659,7.108,8.573,11.297,9.017,6.39,6.107,8.904,12.393,5.875,4.979
132,LMS,6.004,6.664,12.099,7.829,3.529,5.986,7.726,11.835,7.733,6.066,3.86,8.156,9.66,10.89,2.798,6.761,6.972,9.394,5.762,5.51,4.665,8.639,13.134,9.007,3.636,6.417,6.44,11.47,6.814,3.636,7.258,7.402,11.014,5.761,2.868
133,LMS,6.812,6.387,10.934,6.705,3.489,8.109,5.968,11.539,5.938,5.633,7.33,7.039,12.342,4.988,4.96,8.782,8.033,9.434,8.384,3.962,7.2,7.78,9.073,8.802,5.402,6.568,7.124,11.783,6.555,3.502,7.727,5.999,13.622,8.974,5.642
134,LMS,6.318,7.953,10.091,6.362,3.17,5.788,5.934,11.712,9.213,5.219,6.834,8.084,12.03,8.377,4.538,6.126,8.643,11.821,9.29,4.473,7.238,7.165,11.498,9.451,4.612,8.909,7.625,10.754,9.842,5.357,5.687,7.536,10.364,8.8,4.457
135,LMS,5.218,5.865,12.078,10.222,5.822,8.257,7.36,12.927,7.606,4.873,6.386,6.499,14.478,6.761,5.661,5.394,7.375,10.316,9.443,4.304,6.982,7.761,12.462,6.592,5.537,5.935,6.722,11.067,7.894,4.809,5.32,7.093,10.63,6.771,5.049
136,LMS,6.912,7.417,11.51,8.469,4.821,6.642,7.711,10.769,5.927,4.063,8.598,6.063,10.975,10.522,5.604,6.27,7.071,12.808,9.712,4.529,6.551,7.676,10.086,9.712,6.198,7.953,6.563,14.113,9.03,5.127,4.081,7.74,10.488,10.71,3.995
137,LMS,9.394,10.149,10.556,8.068,4.436,8.383,6.14,11.849,9.129,3.554,5.976,7.323,12.553,9.455,2.133,6.767,7.551,14.195,8.365,3.877,5.377,9.176,12.359,8.282,5.197,5.639,4.51,11.188,8.325,3.62,5.542,7.003,10.686,9.075,4.269
138,LMS,6.564,9.263,11.51,7.457,4.461,6.924,7.215,14.258,7.25,4.286,7.327,5.377,12.263,6.75,4.366,6.069,8.483,10.571,11.695,6.109,7.385,6.659,10.278,10.207,3.954,6.098,7.696,11.54,8.208,4.872,7.874,9.115,13.776,5.541,5.288
139,LMS,6.812,7.555,13.233,7.369,4.306,7.06,5.385,14.094,9.871,4.635,4.64,7.218,12.8,4.773,4.784,6.38,8.537,10.928,8.984,3.613,6.913,7.8,11.3,10.268,2.752,6.79,6.527,12.148,6.531,4.184,6.623,7.576,11.265,5.938,4.656
140,LMS,7.249,6.89,12.507,7.464,5.368,4.695,6.958,13.067,6.206,5.311,6.43,7.299,13.027,7.643,3.886,4.761,7.924,11.712,8.562,3.078,4.879,6.575,13.754,8.449,5.287,7.557,7.268,11.471,10.611,3.117,7.314,6.634,13.199,8.537,3.259
141,LMS,7.571,7.637,10.837,9.543,3.259,5.376,8.813,12.18,8.06,5.064,7.121,6.638,10.071,6.255,4.108,5.013,6.918,14.348,10.265,2.778,7.548,5.975,11.498,8.511,4.772,5.993,7.202,12.425,6.994,6.832,7.37,6.692,12.022,8.336,4.378
142,LMS,5.056,8.731,12.134,6.907,5.658,6.232,7.348,10.959,7.427,3.509,8.225,7.102,10.998,7.373,6.253,7.411,6.9,10.975,11.802,6.445,7.771,7.937,12.675,7.85,4.502,6.258,7.687,11.398,7.231,5.392,5.132,7.106,12.178,9.443,1.957
143,LMS,8.378,10.342,9.765,5.907,5.702,7.207,6.094,12.964,6.644,5.251,5.023,7.61,13.396,7.741,3.803,6.885,8.526,12.108,7.486,2.234,5.673,8.007,10.932,5.15,3.239,7.447,6.332,14.158,5.943,5.392,5.794,7.312,11.673,7.328,4.895
144,LMS,7.983,6.376,12.461,8.151,5.937,7.997,8.245,14.156,7.74,3.565,8.046,7.211,10.417,7.378,6.795,6.302,7.495,11.73,8.54,5.163,6.378,6.069,11.968,5.366,3.299,6.856,9.724,11.255,8.512,4.255,4.94,8.453,12.086,6.054,3.64
145,LMS,5.855,9.204,12.51,5.443,6.391,4.914,5.29,13.862,8.794,3.717,7.444,5.775,10.915,8.12,5.775,8.389,7.254,12.008,8.873,3.001,7.171,6.242,11.708,4.153,3.433,5.419,6.799,10.903,4.654,3.713,7.314,6.367,13.455,7.19,3.241
146,LMS,5.492,5.863,13.305,6.517,5.963,5.551,7.54,11.363,8.935,3.471,8.477,8.176,11.429,8.785,6.373,6.059,8.487,15.182,5.737,6.734,5.763,8.021,12.511,9.682,5.453,6.903,7.8,13.436,6.497,3.816,6.828,7.723,9.885,4.338,5.615
147,LMS,6.92,6.9,13.747,7.799,3.414,5.541,5.949,11.431,8.303,4.587,6.567,7.776,12.187,8.281,4.906,7.414,6.996,10.402,7.95,4.249,7.594,7.639,12.863,7.6,4.931,5.848,9.424,12.305,8.647,5.758,6.598,8.254,12.438,7.967,3.455
148,LMS,4.33,6.886,11.726,9.184,5.489,6.281,7.479,10.591,8.587,5.137,5.923,8.028,12.772,6.108,7.127,7.345,7.743,10.514,8.816,5.824,5.473,8.297,12.02,10.024,3.109,3.873,6.206,11.501,10.542,4.675,4.741,6.573,15.434,5.263,4.442
149,LMS,5.667,6.38,12.303,8.299,5.58,5.844,7.1,12.762,9.668,4.267,8.814,7.139,11.67,6.767,5.985,6.714,7.686,11.327,10.013,2.494,6.374,8.114,13.043,6.935,5.271,6.715,6.437,11.768,8.962,4.937,7.505,7.493,12.131,7.227,3.803
150,LMS,7.522,7.61,12.341,6.718,4.649,5.691,6.873,12.48,6.81,4.104,5.776,9.144,10.917,11.683,5.963,4.679,6.311,11.016,9.328,6.061,6.873,6.298,10.773,9.232,5.844,6.758,7.443,12.371,9.322,3.233,6.098,6.272,11.334,7.387,5.259
151,LMS,8.871,7.964,12.928,4.98,3.615,6.019,6.04,13.242,9.345,5.837,6.469,6.492,12.011,6.299,5.096,6.639,8.098,9.732,6.791,5.459,6.024,4.724,12.404,9.532,5.019,4.463,5.389,10.687,7.738,5.812,7.015,7.367,11.42,9.629,5.89
152,LMS,4.95,7.308,11.963,7.188,4.426,9.317,5.039,10.058,8.896,4.329,5.915,8.295,12.768,9.576,5.003,6.296,5.886,9.867,8.067,4.395,7.745,7.511,12.444,7.793,3.251,6.827,9.081,12.256,7.579,6.776,7.234,5.806,10.817,5.817,4.242
153,LMS,5.916,7.826,11.878,9.485,2.791,6.672,5.641,13.32,7.387,3.658,7.496,6.26,12.33,9.798,3.932,6.818,6.143,10.649,8.818,5.04,6.198,8.189,10.191,6.791,4.6,7.291,7.946,11.05,11.912,2.676,6.956,8.561,11.446,6.675,3.854
154,LMS,9.627,4.861,10.055,9.147,5.448,4.029,7.584,11.469,5.565,2.246,6.119,6.703,7.629,7.254,2.839,7.158,6.695,12.752,6.497,3.393,7.982,5.251,11.705,7.745,3.801,7.487,8.941,13.898,8.859,6.904,9.013,9.288,13.257,6.753,4.77
155,LMS,3.919,7.937,13.89,8.407,3.174,5.774,7.969,12.093,6.324,5.745,6.831,7.689,11.672,7.695,4.688,6.415,7.665,11.363,8.351,6.203,5.928,7.085,11.108,8.235,3.628,7.559,6.969,12.54,6.628,3.631,4.511,7.677,11.561,10.578,3.728
156,LMS,6.899,7.011,10.67,6.187,4.464,4.821,7.165,13.741,6.897,4.739,7.488,8.454,10.37,9.809,2.945,5.2,7.502,13.73,6.314,5.805,7.109,8.01,12.155,6.213,3.787,5.396,7.291,9.912,8.087,3.532,6.875,7.332,11.578,7.192,3.702
157,LMS,5.679,8.086,10.714,6.86,3.768,8.517,7.02,10.84,7.746,3.914,4.684,7.497,13.911,8.867,6.355,7.385,8.238,11.483,7.26,4.808,3.495,7.418,11.94,6.778,5.28,6.47,8.909,11.814,7.494,5.427,5.688,7.834,12.706,8.565,5.617
158,LMS,7.386,6.78,11.633,9.932,4.611,6.43,8.811,12.288,6.661,4.393,6.448,6.656,12.563,6.792,5.142,4.829,8.804,13.98,5.983,4.927,6.887,7.657,10.379,8.593,3.839,4.887,8.463,13.029,7.846,6.578,5.215,7.694,11.519,6.566,5.029
159,LMS,5.162,7.613,12.243,8.531,5.646,4.209,7.016,11.906,6.136,5.474,9.021,7.34,12.622,8.046,4.631,7.141,7.633,12.441,7.626,4.582,5.496,7.254,10.089,7.446,3.064,7.234,7.134,12.529,8.108,6.017,6.772,8.143,13.61,5.862,5.126
160,LMS,6.186,8.844,10.478,5.747,4.048,7.682,8.183,13.671,8.167,4.772,5.972,4.411,12.816,7.545,6.633,5.996,8.888,13.361,8.81,4.333,7.348,6.582,12.943,9.531,4.498,4.273,7.492,10.517,9.324,3.186,6.084,6.744,12.847,9.71,4.7
161,LS,6.002,7.559,15.613,5.518,5.085,7.416,8.858,16.921,6.4,3.514,6.269,6.466,11.279,9.16,3.377,6.562,7.967,15.225,5.391,3.685,8.03,8.028,15.53,5.992,3.913,7.538,8.182,15.778,4.642,2.42,6.15,6.745,17.207,7.111,5.036
162,LS,7.436,8.346,16.518,6.958,2.929,7.731,7.534,13.583,4.099,4.667,8.294,10.239,12.269,5.034,2.992,7.145,5.681,13.68,4.521,2.35,5.864,6.398,13.624,6.94,2.827,7.881,9.515,16.6,6.878,2.735,7.517,9.244,12.826,5.246,5.601
163,LS,6.445,7.787,14.371,7.477,4.394,6.868,10.01,17.501,6.78,3.393,7.075,7.657,15.86,7.835,3.858,4.822,7.89,11.923,7.167,3.838,7.212,6.006,14.657,7.334,3.578,6.722,6.113,13.546,5.095,3.313,6.204,6.708,16.047,7.439,4.567
164,LS,4.652,8.425,14.054,5.369,4.022,7.702,7.576,13.868,3.631,3.91,7.213,6.859,12.348,7.438,3.7,6.277,8.113,15.197,6.796,2.642,5.854,6.164,17.135,7.954,2.824,7.732,6.352,16.432,5.973,3.477,7.519,7.273,16.904,6.715,1.88
165,LS,7.344,7.381,14.669,3.487,4.152,6.774,9.281,15.545,4.966,3.032,7.697,9.429,16.118,6.128,4.942,7.598,6.411,17.28,6.787,3.695,4.75,6.565,15.095,6.618,3.038,6.787,6.271,17.578,7.003,4.909,7.79,8.96,17.037,4.331,3.468
166,LS,7.536,9.609,15.978,3.795,2.666,5.943,8.852,15.529,5.795,3.244,7.244,7.81,15.197,6.294,3.533,7.396,8.2,16.903,4.566,2.572,6.12,10.333,16.307,8.21,3.108,6.558,7.538,13.111,5.869,2.26,9.934,7.413,14.864,6.909,4.335
167,LS,8.168,7.043,13.351,4.878,6.2,7.416,9.545,15.758,5.673,3.882,7.152,6.085,16.332,6.496,4.393,7.445,9.644,12.903,8.044,3.402,5.968,8.208,13.92,5.775,2.104,6.201,9.232,12.769,5.57,2.182,6.218,9.046,16.352,3.197,4.393
168,LS,8.477,8.32,13.228,4.206,2.55,7.93,8.564,16.381,6.368,3.984,8.045,8.834,12.786,5.304,4.472,5.89,6.65,14.673,7.892,3.676,8.931,8.295,14.443,8.174,2.995,6.873,7.841,16.35,2.569,2.325,8.798,7.301,16.553,8.122,3.901
169,LS,7.852,7.208,16.053,4.66,2.637,6.764,8.71,14.654,5.2,2.652,6.348,6.685,14.779,7.006,4.845,7.73,8.805,14.834,4.155,3.172,7.034,7.344,14.193,5.547,4.732,5.344,9.269,16.379,6.95,4.09,5.312,9.475,15.674,6.838,3.189
170,LS,6.108,6.773,14.307,6.401,4.521,6.324,7.91,14.872,4.945,2.188,7.387,9.01,11.23,7.115,3.327,6.195,9.785,13.22,3.297,4.03,7.644,7.429,12.534,5.536,3.151,6.708,7.907,16.162,5.52,2.838,8.851,7.293,14.435,6.169,3.475
171,LS,6.073,5.986,18.749,4.103,3.113,5.812,7.287,14.838,7.396,3.389,7.666,7.516,14.862,7.581,2.528,8.931,8.617,15.204,5.71,4.507,8.283,8.807,16.075,4.548,2.127,5.084,5.105,13.848,7.168,3.936,7.046,6.508,14.657,7.892,1.526
172,LS,5.681,6.786,12.606,4.409,5.468,6.051,6.467,16.402,7.106,6.143,5.288,6.945,13.454,6.969,2.693,5.708,7.799,15.279,6.263,2.99,7.482,8.439,14.228,5.436,3.989,7.23,9.315,16.22,8.375,3.558,6.041,7.867,14.583,3.066,3.511
173,LS,7.062,8.68,16.213,6.722,3.638,8.648,7.947,15.275,7.228,3.721,5.385,7.895,15.579,5.769,4.934,8.162,6.794,15.16,6.522,4.919,7.724,7.544,16.935,7.02,2.502,5.983,7.716,15.673,5.95,3.984,5.264,8.926,13.481,8.351,3.294
174,LS,8.009,8.224,15.915,6.663,2.463,7.393,7.867,14.538,6.875,3.667,8.293,7.811,15.46,6.068,3.836,5.313,9.626,15.875,7.514,2.472,5.633,7.577,13.925,6.902,3.307,7.498,8.169,16.773,5.552,3.526,8.633,6.494,13.539,3.96,3.047
175,LS,7.303,6.693,18.14,5.693,2.06,8.3,8.85,16.114,5.879,3.09,8.844,7.778,16.879,7.122,3.279,6.301,8.027,14.96,5.728,3.628,7.106,8.873,16.699,5.21,3.405,7.698,7.505,14.094,6.235,3.688,6.559,9.153,20.199,5.33,3.513
176,LS,6.166,9.955,13.094,7.82,3.434,5.937,8.06,14.466,6.453,2.439,6.159,6.85,16.638,6.214,2.673,7.557,9.02,15.84,4.422,2.844,5.465,10.005,17.395,5.064,3.626,7.036,9.012,13.559,7.591,5.293,8.259,6.402,15.936,7.414,3.888
177,LS,8.135,6.638,15.887,2.486,3.26,6.701,8.857,11.851,6.534,4.122,6.481,8.327,15.815,6.05,2.087,6.346,6.638,16.313,5.808,3.341,8.739,7.817,12.845,6.574,4.406,6.952,7.411,14.67,3.896,4.346,9.336,7.334,14.688,4.147,3.149
178,LS,9.817,7.97,14.413,6.694,2.435,8.068,8.515,14.019,5.431,1.589,7.075,8.664,15.525,5.938,4.006,4.982,8.167,13.928,5.744,3.162,9.213,7.49,14.239,5.899,4.154,6.5,6.39,17.516,4.172,3.572,8.311,7.798,14.034,6.068,2.565
179,LS,8.416,7.371,14.696,6.361,4.877,6.693,8.298,17.24,5.403,2.344,6.747,8.491,14.265,7.771,4.244,7.474,6.164,14.239,7.355,2.482,6.237,6.739,16.686,5.466,3.179,6.727,8.577,14.833,8.771,3.873,6.477,7.028,15.594,7.064,3.892
180,LS,6.443,9.114,12.348,6.741,2.353,5.846,7.598,13.537,6.087,4.269,5.663,8.807,12.54,5.995,1.778,6.723,7.716,13.796,5.847,2.286,6.732,6.667,13.711,6.721,1.963,6.783,9.403,14.74,7.035,3.101,7.825,10.261,14.539,6.914,4.246
181,LS,7.503,7.504,15.977,7.1,2.723,8.778,8.637,15.771,7.511,3.894,6.73,7.602,14.476,5.536,2.463,7.862,7.058,17.092,7.543,3.486,6.074,8.826,17.573,6.051,3.711,6.313,9.099,17.503,7.454,4.23,6.745,7.249,13.864,5.68,2.453
182,LS,7.075,7.69,14.742,6.916,4.181,7.395,6.924,16.934,4.602,4.012,6.927,7.851,16.321,6.552,2.388,7.414,6.804,16.664,4.089,5.769,7.736,8.718,15.217,4.206,3.716,6.107,7.473,16.837,6.041,3.851,6.692,9.108,14.52,4.859,5.389
183,LS,7.73,8.344,15.131,6.031,3.23,8.475,7.607,13.531,5.221,3.578,8.942,7.776,16.021,6.235,3.47,8.295,9.001,15.401,6.98,2.039,6.207,7.587,16.235,3.658,3.792,8.973,8.533,16.288,4.758,3.657,6.782,7.972,11.887,5.51,3.484
184,LS,7.412,8.739,14.355,6.705,3.947,6.993,8.675,15.45,4.32,2.849,6.798,9.154,13.629,4.773,3.984,5.411,7.977,16.134,5.503,1.817,9.351,7.194,11.698,6.627,2.385,7.317,6.958,15.342,6.349,2.843,7.212,8.181,12.387,5.874,4.589
185,LS,5.02,7.64,14.734,6.198,3.049,7.06,6.641,16.317,5.755,3.504,6.574,9.198,11.532,4.513,3.858,6.376,11.429,15.39,5.737,2.216,6.837,5.42,15.165,7.121,0.977,6.015,8.464,13.58,7.348,3.549,7.439,8.715,15.655,5.241,4.677
186,LS,5.8,7.957,14.02,6.637,2.997,8.59,8.97,13.334,5.215,3.825,7.739,8.094,16.759,5.014,3.06,6.288,8.259,12.553,3.834,3.633,6.289,6.576,14.802,5.328,3.287,7.533,6.367,13.596,5.172,3.551,6.541,9.108,12.705,6.419,3.126
187,LS,7.933,10.02,16.66,6.359,3.472,6.682,9.196,17.317,6.176,4.922,6.066,7.991,16.621,7.117,3.126,8.721,10.07,14.522,4.511,3.757,9.433,9.267,17.55,7.837,2.565,7.597,8.763,14.049,8.427,4.438,7.144,7.073,14.304,6.034,4.653
188,LS,6.928,7.203,16.573,5.964,3.581,5.677,6.772,11.986,6.056,2.436,7.963,8.286,15.433,6.799,3.059,6.106,7.517,11.469,5.933,3.587,8.204,8.218,15.648,4.77,3.689,8.106,7.957,15.346,7.256,2.844,7.648,8.723,15.327,7.63,3.65
189,LS,6.593,8.661,13.324,4.276,5.64,7.664,8.165,17.021,8.287,3.393,6.001,8.002,18.445,6.996,3.917,5.799,6.134,12.275,7.415,4.364,8.544,7.791,13.392,7.583,4.576,7.496,6.711,15.498,7.687,2.33,8.964,8.302,20.666,4.483,3.707
190,LS,6.367,9.572,16.952,6.024,4.058,5.358,5.603,13.802,7.11,2.892,6.832,7.166,14.54,7.381,4.171,7.223,7.99,17.268,6.801,3.43,6.582,8.754,12.897,5.556,3.103,6.865,7.201,14.917,6.9,3.488,8.77,8.927,17.333,7.566,1.757
191,LS,7.147,8.471,13.266,3.794,3.16,7.614,7.326,15.776,7.651,2.744,5.802,8.702,17.554,6.355,3.876,5.831,10.391,17.4,5.184,2.719,5.249,7.562,15.61,5.295,2.058,6.98,9.299,15.178,4.842,3.54,5.666,6.806,16.623,3.123,3.28
192,LS,6.26,8.168,15.607,5.201,4.638,8.64,9.099,14.517,7.922,3.459,7.354,7.31,14.838,5.272,4.147,5.496,7.28,14.715,4.038,4.895,7.045,9.179,16.401,3.713,3.846,6.804,7.439,16.876,4.233,3.273,7.712,8.539,16.118,5.591,3.621
193,LS,7.573,8.337,18.61,5.255,2.921,7.552,7.511,14.802,5.603,3.833,7.008,7.352,17.107,6.356,4.182,5.353,8.128,14.85,4.629,3.836,7.43,9.037,15.868,6.326,3.156,7.347,7.816,15.538,6.829,3.398,7.452,8.868,17.385,6.249,4.273
194,LS,6.408,7.436,12.802,5.629,4.39,5.908,8.303,15.698,6.06,4.844,8.189,9.944,16.576,6.489,2.704,5.86,8.678,16.881,6.704,5.164,7.565,8.423,13.62,4.27,4.225,7.196,6.722,13.671,5.267,1.528,5.765,7.184,14.835,7.433,1.568
195,LS,6.098,7.73,16.142,6.21,3.312,8.056,8.324,14.285,6.964,4.434,6.61,10.121,16.648,7.74,2.188,6.217,6.824,16.447,4.714,1.923,8.053,8.964,16.786,7.371,2.29,4.841,8.559,14.449,3.951,4.425,6.454,6.069,14.932,3.558,3.329
196,LS,8.942,8.464,14.762,8.406,3.745,8.302,6.805,14.457,8.734,4.745,7.966,9.208,16.192,5.926,4.22,6.52,8.431,17.555,7.762,3.809,7.296,8.405,15.018,7.452,3.367,5.168,6.86,16.989,5.686,3.415,5.637,7.872,11.512,7.458,2.281
197,LS,6.938,9.854,15.761,6.749,3.942,7.084,7.574,16.744,7.69,1.959,5.973,6.516,13.866,5.651,5.095,6.844,7.871,13.72,5.057,3.778,8.291,7.597,13.306,3.475,3.114,5.171,8.438,13.968,5.145,3.321,7.41,7.794,16.304,4.177,3.674
198,LS,7.03,8.643,15.284,6.693,2.157,5.32,8.8,15.32,4.492,5.058,8.027,7.903,13.294,5.095,3.857,8.819,8.662,17.986,6.209,2.56,7.524,8.936,16.848,6.366,3.81,7.862,8.088,15.338,7.741,4.483,6.339,8.134,15.309,5.009,3.594
199,LS,9.182,7.672,17.612,6.708,4.372,6.729,8.543,14.701,4.868,3.241,5.542,10.157,13.675,5.632,2.839,8.312,7.878,16.084,5.047,2.656,6.748,7.257,11.115,5.417,4.22,7.987,7.056,14.447,2.811,5.503,7.775,9.504,15.194,2.482,4.123
200,LS,5.301,7.357,14.506,4.54,4.3,6.407,6.052,15.09,8.477,5.323,7.033,10.537,15.092,6.275,4.309,7.026,8.282,14.829,7.381,2.2,7.61,7.495,14.635,6.84,3.528,7.088,8.138,14.232,7.385,1.968,5.184,7.032,15.778,5.746,3.681
